acct,label_v1,label_v2
31dfc48610208552f183989ac267496e62c5da62ed348372519479deb3a8eb0f,1,1
47b1e1f77c1794ea07755e7582bc7a4bf2625a291d813bfb10965240637eba44,1,1
00d6edd70052a1fa11d38b77b41b738bc21f8b486263ac6e66a7db49720a91d8,1,1
c3fe8f118fe2b6379c16fe57efd530e85da29c778b8bab3e0ae64217e3efa494,1,1
d03b8d2e96c7ebbe5ab185f64b8242c22b1595cc05767e7e3188710af2388a25,1,1
cee6455a9c589648959aa03766de4a67ddc4a50b2fcea23fd0af869dfc90e3df,1,1
bb8a7528fa26c8f3a3b9e01cf2b6f9a872375754e8d4e200822da7773b42956b,1,1
77e9f2ecf5eb497bbdf3c55dd5f8b9f2b85075b7ed78c0472253828a72fe9df6,1,1
c3c14e5fda093cfd484f380726008e9603e5e20c33c7f4a036f98b60d7d4c48e,1,1
11da0847544853fccc40ad45a7e95c148ff0bb6d9e8f7cb5169ed17ae14a0e0e,1,1
6f2ee64f7b5eab48a93dfe7e5878b98020f3be977e7501d4c032711f437c7f6f,1,1
85334305e74bc6d0172d61e5a5417bc5acd56d2998a262caaa2246d35d8f199f,1,1
adf19f9350ef0601e46cf4ec57015be4de947f63d21daeab80038b50026b8521,1,1
a25d6a618a077c7532c2115f200548c33f7e598b312fa41b784820c12038e270,1,1
533d515bc8f32ed09450277051836b10de5cdd21e0296f241f544206e6b05397,1,1
f89d9245a08ab4c6be5f9dd8ff4198392c4f58f1b78a640b1ff6b1c507eafe04,1,1
6eeed501b40cc6a53ddcc344a6b69c3fbd6daab297c23dfe2b985fdf1f2a8d02,1,1
fcba2ca314de5ef86205c357bb8a6b129fafaff8b6f7a96c2478e86a2919a0dd,1,1
59ef072302ae070a4df780cfe5ba5e307eead7c88c5269f5553e4de1c464c471,1,1
853231f5746121573ad848b1761272b072f5324ecd9ea596f85b18182fdd5dea,1,1
8cd3f347a0b4df234dd5323ee180a1d5c150e2948763e3c9d05c3f959ae5f9d2,1,1
4385bd7619c094ae0087ef3b120c6ac5f6367916ff05271e60daad87d1730176,1,1
ff3debcd4fc9c4220b4659a9f061bbd049a9ae3deb5997bee1c14f2e45d92b26,1,1
42f80891bee6e0a83291cc2f3fe321cd406318bdde545496951ece5394c805a4,1,1
72ab579f57a9baa7091565195b3b0c5cb8d4b17919ffb5f089c9857a6a9e5702,1,1
cc3039d8d77818126962e76d8f25960a6f06235bfeb4ebb234820e3d40a4b7d7,1,1
e0a9b239e35104e39aa38a885c693226939840cf684818a6b1c52e81192922b7,1,1
6bbf022f7c8db7445713d646a33742f6e72f6ec8561c544604919108e47f1ac6,1,1
bb08ad654d99b3b7e4c7bd36e677992fdc0ac492635010b70ed0d106c9b26a61,1,1
77932f1dd8571b34409204dfd1eb203a8dab24b78d454870e7b6dd2efbd4f437,1,1
115811052ff66298170e94d4fa37cb0a62631ef3d6dda8c3e639aa9c5b6c8422,1,1
83eb226e105bc462fb67dd4e2f37d761e08fac03cb26f21a4774ccd7ca8c047e,1,1
12555147cf94f6e1aa1ab67595224612c8d6e077bc338ac3e689910941895656,1,1
c62172e78f7199dc24efa22622b3367f3cb9ad2ccc1f516105425f715253f4d3,1,1
34bb9c9e57e25fa650707fa92c1768d121e02ac8d77eeefe0cbb3a90588b354f,1,1
5868d51c6e76e5e07e1b41decfae40a3e09462612264831b32c285a82138e8e6,1,1
99f27d300099e2c24e4912b0ab226c70099113c93923578c555171fef1178b46,1,1
06a052d032ca957b5a4c82b61d33c39c8d6ff7cf9ab6d91abedcfad2f7e046d8,1,1
c1f736dbd33edc83fec34eb61c210d2ecec8aa55d79f88ae4caeddca8b212c8e,1,1
6f8f6247dc638a6c6f0a32657ec11db34369d18ac9771cdb435ca263787ba460,1,1
c5cb6d3a26c32f0ff64f74f0204c816c43c0e3a2ed4e922a37a7adf5f48ddf16,1,1
d164cb3b9feca42ea0a8a4d60142b05e3b1e36270d3204bb16b887938a36f2be,1,1
c0d47ecde0d2e501d216129de549bd53ae50d9014e8b650bc3826e81fd395277,1,1
20f2bd0431465db80021b6f61f5128f3cd67be60b6e644acbeb6d2520b98f02c,1,1
112258dfd372741bea8517cdab5dcce01bf965792dd340e7eef790527cb21a6a,1,1
1ffdd1b3be5fadab47d33a89903d76b3a214a6e6e313a38e31e0fe830f76aa67,1,1
10d11642e5ae91b7c1cbb72491f8700ab393af3ecca0ac0faf603082b97083a8,1,1
c0711944606273af4afa485d946be6885833ae286b481cbb31b572bc17a3231b,1,1
a400c2e555b42d86aac01cabcc345906003da7e0782f44aeb269b7249f7773ce,1,1
b693825152ba5550757d9fba04e6a050fb611a129864caeeb190d01a8c1acd01,1,1
5a1eed4b4dac4f60c8da1e003696819e90a4578c1432fa114fdea6278cd19d1d,1,1
48f5b877ae5e2d712f18c2300cb63cec325db0e63888821708b7ca825a9b4bbd,1,1
ca347f6d7c39bb8a89caea61c3f0d927a2574aab3543d2f822670327a05d08f7,1,1
ef18805ea079a167f2b7ee88d09d2bc7906e96a85a8775fa64c6b65b2177271c,1,1
2076ce336b112d7d357908547f9c3779bbe4038adecd76b197bfa45e22079eef,1,1
64575b71db18d318b6d50bd5a27f7ff2f6bc61909babba5486aa5c4224fb74d5,1,1
4d163bc0201e60fb1701c1e0fb6c120129eb092067e5e7595b977b4311cde3f4,1,1
dc2bc04458acca7dfdab58b532ff5bd7dac0c8efe8780ea630afcf0f3951b1ce,1,1
8803dfa65acea8f1621bbc3ba5504daccc5f12687ef8ec152e972734a83d5b5d,1,1
3b765b266b0276e213bdd0f33cb25dc11ef915d3dd6cd01e92a76f9e246cdbeb,1,1
bcac7f7cff33011f50d1ec9d32169178d9451101df4406937893f55f6749fa2d,1,1
0259eba0d42263cec5ed40fda612ccb1433823c85bb171f3482fc71c11bc7aeb,1,1
02b09b9100df3f21baea53ab91f7be20f5d2d81fed325ba495228eefbd18b166,1,1
02abfd04fe2f90c9eb255d4502d5754f9173e83ee0f5274169e96add1c4622e6,1,1
dbc1d6a1e662d30deb1dd3a16a2709d22c4cfecf3c4977e3e84838f35a0a04f1,1,1
68a2352abeef14d9b035012828bf7aa1ec7b20f46485223d0ac1f9d779f59d19,1,1
a2eb529b968447e1ec7fa351f5ef27524716346fd58fa828130cf573c58acbec,1,1
1085c84ce3cbde90698a392243be9f61983b905d96d984fbf19f8d7db06941a7,1,1
1174aa1f019558f5b13fb19deaaeb5bb20bee84548e7d47db280a42a80fda820,1,1
fe7de61c4aa99076b037d6bca59d48adf7b601345e492f1b8104f88ea428e9ce,1,1
40a21509fb99c9a4033d3a1c0cfe5309ba2ce27d71e437135779d081577b3997,1,1
c545cd16d09d897fe3a16966b59299d184d711bcf645a49d2c1e53f2a5460a3e,1,1
0ac42613aaae7f9090be5d28cae4f229879b059fdc650ab2b807658b32452d7b,1,1
b068689d85d6709abaa6dbc15d88bfd3f45fbf0093e8a91758cdada2d4c9a3fc,1,1
f4fa1792907e4367806f3e5acaf4317020445247e970bc12e62327c5ef20489a,1,1
1781efc19753ed0eb02948e6ef440a3ac9ff5facf46b3b483ce0b223aede283f,1,1
2c53c2a451df33c7af463fec4095130a575ce0b2c36164e623213e03670254b0,1,1
1f0bea7d3b841637956d5273697da72d97da5ece3935f4463a5141ebe83375b5,1,1
7269d090730575d3904342093ec58db1d2e0d5726c9dabe39fbfc413f6797a65,1,1
96fffd6e053fc9479826a0e3758643d97dd99fdacf182801b4aadb06081a27c7,1,1
fd3b76089b4c103a85c0ceb4beb5d5843177713391178bb58b1e96d48aeaf1d9,1,1
23202bfe27e47c2a2d5b56aa0b868b28b65ab4eec40c5806372b1ab2090e1728,1,1
076151ee1e2fc23996551d1f70637ca7e58268fe751d3c3f1a5ebcb7fbf696d5,1,1
0b6cec3a06169f261ca4f6eae83d82c3e899f545ed48624ccfe7ffaa298b0513,1,1
285d835eb33bb95d689ceaee2d0a9528c04afa5bd9fa6625ada593c002fd9369,1,1
ee6d76d0d2ca77ef381bddc11e40c6f81ba38ae2bb2fb954929b8798460b2a40,1,1
0483d235bd83b0f1141b975e8d03ebef8199aca771e028d24b381436b5ef5905,1,1
134b9ac38f446d36c0baa256002c4c09515d4831ee8c8816441c45defe883ef8,1,1
d8a493a53241bd0f2540d04e68ba808f8cfed27eb84b9c2d9982faaa9ebd0ca5,1,1
3f29fded98cc55a673ae0df21a18c41c235f1f13373c457bacc1d00a2f16684b,1,1
51b9a67fdac15094317568c465445520b3068f86ba464ad17b2d4171c79b14ed,1,1
2ba041eb570dc5b958a97ffa4fd7bf8cb85b11fbb536d050505d52aee956610d,1,1
88c6770d3b9e7a4ff553bb709f3a6c03105b53e47a77c1341152ad05fa5fb7d3,1,1
8d265a50f09dba0cad6b4c7809894922719072fb4c5d842e320c02c7fc4444b5,1,1
3aee230470d635cdda4945b116cdf4cdac83481ba541940f581d050e1ebce990,1,1
a45304e4ca699f9e5a4184c144f5a8fc68b66fc7e8a3d3f8f99391baca6d4710,1,1
6aab359d6aa145787e667ff641780a33295995d17a5c2978ad2b4a05634ab207,1,1
c6036f24985569ff5b7e00ee39f105b8e05e6cfb03fd2176e7d824871341f33c,1,1
08234c2898374202e03ddabfb7918c0b10cd1ce6c58e86d9a07ba7d456226304,1,1
a5b7f49ca9020b63a8bf98d19443d9d1748882f6c53adf6e4368941818ed467d,1,1
c7d0b71393b3f38c118a096852caad9bf265c2d5c20745d8fb819719f048785f,1,1
6388ef8b52cf3227b017a334a422e99ba1500e29c22969be6f2717d6ba464054,1,1
fb3537aa40309862fc97dcd8c3a7058dd9c151d986e4eaa68cd5416968d1d2d7,1,1
70d4b69d9671160852ddc3e04b212a2cab25d3e61f8f1921736ebcdefc19b812,1,1
b2a5907b70a2a1f0c723cbc0b9310ca3440766db3d16b308886f8f240ed0724c,1,1
411f3304285b27f4409298779bb80515d80fc2beb22baab16b06d1e11dfbd816,1,1
9114e686b47a5a05d7ad05c348464471ca31c14b612f6c20eb25ba2294999e62,1,1
6896824553db91dfe3393efeac40e8e98ad6d3d589a2a1f4e07effab22ece5db,1,1
67dabec41674651d51422c9914d008cbeacd6d9638d8412e9e5749d9ad45d0b7,1,1
46f490832494d0bc88b202e3a9d3c2166de9eceb772a62b019122de8a8709041,1,1
0ccf8ffe83bfeb7973bede56047ce74c725ddb657084b4a21ae6dbc12f902358,1,1
6d0d62522d1aa8bef14cedd9b610159e19aeb62fec7d9a9e0b29510ff1a749fe,1,1
e99aa8d1cae12951865b3175077d3c0005caba9cb91e5b7c9f1ea75fd0d0e79a,1,1
9cd714ee30fdb0f5a4bb1bd5a98523e470c029ca8aafefa38cee59e5627de9a1,1,1
b032a8a33b0121e48ab7e5aa4d342feb5bfbd1ea482943d4dd6bbed4f5b4b86e,1,1
82d7b230e539b537b1f1eb69666cae29b9dfc391fb7a34ef3b10df18b1cb2b14,1,1
7073716c97ef0dec46ebe04f97997a621c38ad38e5ae27e648563bd24f4be7aa,1,1
36f06108073a406fb5ae559714cd15e11bc135d5d3e0b522ce73d3d0cc2ed6a0,1,1
e54c1f105fd2812df41441161f836c653e007c8eb71cb6ed29044975120f59a2,1,1
c48b6e59dd65a26fcf25208590cbf3cfb3270b62bfb5a4bb454018eef5927a44,1,1
12c1f94f3faf1c20a865c624e12201a3285800aba90a778a9b011f13fd5bd303,1,1
b058e4bfde7100fca3a02417f1bb6bb2e9b5dc0b7a50be1a86b94628a826a19b,1,1
39c7dd7c38fc6bd97badca9c47807d409fdf8470715afb514aeb024cb5bd31a7,1,1
c4286c3d6ed3c41e6bc4a9f9aa41ea91eefd3e3ac0a9b5b3b4053910955b57c9,1,1
1dcdad0b6479f2d2c47b4ffa8c667f56ad17271724a70efcdc5a715dadd044d8,1,1
0f6158d6c03dc108920ad2fe041ab429126cc375611663e95513205bebc4f17c,1,1
335fed25d5aa9100ee3079df65da00c4ac8392f55174e8c8e8cf984c523a0188,1,1
f886f0195692828a7865e2fc4328821518c100c1d002c888a701a139cd2d28ad,1,1
f930758c0a8784b9d9ba85a68bb16b4be2da26ddada370b3ca42591ae8606d1f,1,1
0ff3d74ec0506b90e6e4ba931861d963c68d1dec7cc8444523d3402df6f96dc8,1,1
bcaa1e50f59833cd3eedbe84a9e6ed291a2751251087842367840f0a25363a73,1,1
47f30e0ffd4657920fdd448f09857fe64130eb71c43bcaed7281a5256cec298e,1,1
35a70f1a559e7f6cf3c6b56b51d080d1a5d68a2eb1bedaca7e96cae4da0154cd,1,1
b4b13dbb43e852497bd4f297a22cb5a24b09e4abadc5bd1697d96825534f8675,1,1
56cafef2ae32938bbdcfb4edfff9edc24ee89122e2cdcff2962b7b18cb486dc4,1,1
6158e6f9d8f1c70ce20ce743f9ba91844619dcbe2ae0268be78f76c741671cb3,1,1
7591fa18128594ad909704f6f61f2a473a4f80f601bb67e250655a60f3fb5cc4,1,1
c8e01a3da4b0f12f03a0f3cb7af97e748d74d7b1087aabcd3666bd38bc145249,1,1
1fa8a5b51f79529dfb9b146f161b7debb7a5aad44ba483aab36a2a1edf797d9d,1,1
d7fd998289beadae44c2d84fce8fbcb8f2f335a11d83a80c5796806f1b477d27,1,1
df024f3dc1a133d783ac82fc6bce420e7843a8c156cecfa4caa08c71cd6d8f2e,1,1
11ded92f86abf0f8802527ffcabf88e99a7c87a5baf7b9c6f80a31be04d1e2eb,1,1
3a700da97f52fe16c01e7ea90b463d80ac6e41af4e06aaa714aec11d9ae98222,1,1
5249ffe59caef650d048aefb51f1037436a488825c20831c40615c733a194b0f,1,1
66febe0f7de6976abd8c1db8b8a95796ce3dc150b5f6ce98be87e488f1a91406,1,1
78011452b1695636e09c01eb9ec42f39624bfc58679aa30102910b849dcea3f7,1,1
756cc7d26ff0bb3dc31482ffbaad95d6d971c231ad501fb0e82cd033486483e1,1,1
5a7213f15050357ace7600a380672cc2a927888d22d59221f5094ca40a4af6d2,1,1
2c0720ed919f0df77aeb8810018729ed8f357830927ce7ac5dffb43807b1febe,1,1
da5ea2e45c9d32315588c6f9d2a416632bcfb5b1e6ef6581781af8352a5458fb,1,1
7a428e431fdb7723cc479cc800958e0f86e0514ef95210b541c960c5c15beea6,1,1
1d9b882e3eae0fd509a914d7e899937b59fa8c94d33de5708ccbe522e4ced4d2,1,1
df2777840d6ae89ab425ca82dfacc12337137dff4240b671cea1c7222efdeecd,1,1
e17dc22eba06504fb56b937eb48dfdf2f4df43518c9c1ebd586ee8a4ce1f88ff,1,1
e591c320b8a92bfca71cd8167a99c0a7b87a4acadd928258024fc3049e537bfa,1,1
1b1a10a438581f261e30ae3b3b7005902eed287a5de77cfc8a7b427cf2a03a09,1,1
99fe68328497a24098da298914dc2efa7908d4e1da461f2aa7989345e09fda96,1,1
fc3b35e93a94dab5b249c33bbf8e43dcec7ecc21e07efc425c4787d1d4916317,1,1
6c83a6aa8a4738a60284b17502d7cbd3475d814510b58257e8677d99e2764c97,1,1
7319fe3f132b69249689ec555ea13fa917d06af22e882ae26a0299dd1a35b805,1,1
6fa2b662446d6b01cf7ce8d9af47550a7592e9699e7a8fcefd4437d8f23af36d,1,1
0295eec2eb975ea7b178408547c6f0c80b3da19bed98c8d429fe9e6919fe2ebd,1,1
9b62abc1e67b38bf474a5671612edc7cab6b92aa26c72b0554f3ca285455fc47,1,1
98a3f7a4e0ce80265e61a46dc2548cff15d4355fa01927fd59e932b693f850ec,1,1
e63ddabc413aea5a8f772efe73e72503120b3d7e75604282aa361a2c0be97496,1,1
8b2c9dc3f7724dc39e3572b12976b4be354cc11ad2c223e3442c7893a9abff6a,1,1
0e0d7de76491e91dfeac8a6d003b7ed43c7eff30d741331bc10b7a8b30e72dc5,1,1
ee9c5e6f149a01c680cb8ecbb5b909897470aadf1ad4b28d189e12d7336bb5b4,1,1
68cbbbe90031e5f6063392b1e982ff1aa5132e766572eb119f6cb33e367aa354,1,1
51f14cdb778005cdf1e5e5ba64c39dfdf916dcecc1fcafa24ba7e80683692b81,1,1
a375766850d267b71bdce7c602b90ff996e77b0d45de55419c53ff4202a7bfe7,1,1
6bc4cfec255490d95ed02aee4ef3497fc29befa685bd465fc51c85c5eab683ab,1,1
938b815d2bf43a0fa10e64ef9c4f744868c31b67f8321822dd675dee05e16212,1,1
f9b9898b3c7177d9f3371d2d49570dabe4ffad63dbe4f4c19b3df805b388bf12,1,1
4f88290da4cfc8c111004754d4f3efe8f00dee2f15dd25cf0c78426886250559,1,1
34511127d4fba49d21c03c5c42b4bade2702e0b6f3012bda606470380eff8675,1,1
69b4801c3101e1a13f2971a6198618f239a29f5f3ee95957b11d0a3cdfb6260d,1,1
fcd4cb347b3800e94bae4a714e5037fcd160b45d23e6f29b1a164592901323ee,1,1
39853484b27d5d05d4636cd52756fde5e972af7bff0e5777bae51cbf6c0afd4b,1,1
2c8d96265fcef2eeab1185699e0a2f160f67bd19b4bf17ffad050d7dcd07c2eb,1,1
cf39478e3a203200bd1b47c279820d86d1fc645b9028d926ff9328b317f499a3,1,1
e164119a1dcca65f2b78d5f0c856287b0a81c3e6aaf5a705f25cde1fb633ea55,1,1
b7473defcdeaa93f371e3d4fb9e6daa4ba1948a06187725c6dfa5f0c2e8097b3,1,1
4061e76c0c934213cf0b61e6633085913f00dd3b2771cf84b4cc4d8ff050fb3e,1,1
25ad86bf91b023250b5a300e11aa9a35bea4851a05fa0fc038a94eb0f24ede14,1,1
a675960e1ae4cbfb85e85c505011d1f38f41efe50a34ce7bea39a4d200d89ff6,1,1
44e467e5f6f397951b7ac36fccfc99c158bd729844803faf9ab6cbbb2f8bcf2b,1,1
7a3cc9870c6df1588e5dc806b734f168ec5f04b3152a0869e5987f089741d1dc,1,1
09747f71cc6234a75312f2e77f79b9a51e5145e114e8b095430c6bbde92243e7,1,1
